id,firstName,lastName,age
1,pabitra,bera,23
2,John,Doe,24
3,Jane,Smith,25
4,Michael,Johnson,26
5,Emily,Brown,27
6,William,Miller,28
7,Emma,Davis,29
8,Alexander,Garcia,30
9,Sophia,Rodriguez,31
10,Matthew,Martinez,32
11,Olivia,Hernandez,33
12,Daniel,Lopez,34
13,Isabella,Gonzalez,35
14,David,Wilson,36
15,Sofia,Anderson,37
16,Joseph,Thomas,38
17,Charlotte,Taylor,39
18,Mason,Moore,40
19,Amelia,Jackson,41
20,James,Martin,42
21,Ella,Thompson,43
22,Benjamin,Lewis,44
23,Avery,Hall,45
24,Harper,White,46
25,Liam,Harris,47
26,Abigail,Martin,48
27,Logan,Clark,49
28,Emily,Lewis,50
29,Jackson,Allen,51
30,Elizabeth,Young,52
31,Sebastian,Hall,53
32,Mia,King,54
33,Christopher,Wright,55
34,Ella,Walker,56
35,William,Green,57
36,Grace,Hill,58
37,Lucas,Adams,59
38,Avery,Baker,60
39,Olivia,Hughes,61
40,Alexander,Richardson,62
41,Charlotte,Russell,63
42,Oliver,Campbell,64
43,Chloe,Carter,65
44,Jack,Phillips,66
45,Sophia,Evans,67
46,Mason,Parker,68
47,Lily,Edwards,69
48,Thomas,Stewart,70
49,Emily,Turner,71
50,Nicholas,Flores,72
51,Mia,Collins,73
52,Liam,Morris,74
53,Isabella,Nguyen,75
54,Oliver,Hughes,76
55,Evelyn,Murphy,77
56,William,Reed,78
57,Ava,Harris,79
58,Alexander,Kelly,80
59,Charlotte,Howard,81
60,Ethan,Cook,82
61,Amelia,Bailey,83
62,Lucas,Hughes,84
63,Harper,Rogers,85
64,Aiden,Scott,86
65,Emma,Cooper,87
66,Mason,Gomez,88
67,Olivia,Perez,89
68,Liam,Nelson,90
69,Sophia,Coleman,91
70,James,Hill,92
71,Isabella,Howard,93
72,Noah,Gray,94
73,Olivia,Bryant,95
74,Liam,Washington,96
75,Charlotte,Bennett,97
76,Ava,Gray,98
77,Oliver,Price,99
78,Emma,Henderson,100
79,Mason,Sullivan,101
80,Ella,Myers,102
81,Aiden,Fisher,103
82,Olivia,Ward,104
83,Liam,Ramirez,105
84,Amelia,Hayes,106
85,Ethan,Gordon,107
86,Isabella,Alexander,108
87,Oliver,Wood,109
88,Ava,Richards,110
89,Lucas,Long,111
90,Charlotte,Flores,112
91,Liam,Rivera,113
92,Sophia,Cooper,114
93,Mason,Webb,115
94,Olivia,Ross,116
95,Aiden,Martin,117
96,Emma,Collins,118
97,Oliver,Smith,119
98,Ava,Johnson,120
99,William,Walker,121
100,Emily,Turner,122
